configuracion,semilla,entregado_factible,entregado_brecha_pct,archivo_brecha_pct,evaluaciones
M08,20261011,True,1.1881521373274992,1.1881521373274992,36262
M08,20261012,True,1.0232245035341636,1.0232245035341636,38222
M08,20261013,True,1.5483002356109055,1.5483002356109055,43024
M08,20261014,True,1.5987882867721306,1.5987882867721306,31558
M08,20261015,True,1.6391787277011107,1.6391787277011107,51158
M08,20261016,True,1.5449343655334904,1.5449343655334904,32636
M08,20261017,True,0.565466173005722,0.565466173005722,28422
M08,20261018,True,1.147761696398519,1.147761696398519,41260
M08,20261019,True,1.6257152473914507,1.6257152473914507,22640
M08,20261020,True,0.6327835745540222,0.6327835745540222,67328
M08,20261021,True,1.0097610232245036,1.0097610232245036,38810
M08,20261022,True,0.6799057556378324,0.6799057556378324,34890
M08,20261023,True,1.5146415348367552,1.5146415348367552,38516
M08,20261024,True,0.5217098619993268,0.5217098619993268,57038
M08,20261025,True,0.8313699091215079,0.8313699091215079,60174
M08,20261026,True,1.5785930663076406,1.5785930663076406,26658
M08,20261027,True,0.5856613934702121,0.5856613934702121,58312
M08,20261028,True,1.1814203971726691,1.1814203971726691,25874
M08,20261029,True,1.5785930663076406,1.5785930663076406,59194
M08,20261030,True,1.2016156176371593,1.2016156176371593,63996
M08,20261031,True,1.151127566475934,1.151127566475934,50668
M08,20261032,True,1.3227869404240997,1.3227869404240997,25776
M08,20261033,True,1.120834735779199,1.120834735779199,40280
M08,20261034,True,1.0770784247728038,1.0770784247728038,42338
M08,20261035,True,0.7202961965668125,0.7202961965668125,30088
M08,20261036,True,1.6021541568495457,1.6021541568495457,29108
M08,20261037,True,1.5617637159205655,1.5617637159205655,39594
M08,20261038,True,1.1746886570178392,1.1746886570178392,40476
M08,20261039,True,1.1006395153147088,1.1006395153147088,49394
M08,20261040,True,1.0636149444631438,1.0636149444631438,29206
M07 ρ=0.01,20261011,False,,5.038707505890272,22248
M07 ρ=0.01,20261012,False,,6.455738808481993,22542
M07 ρ=0.01,20261013,False,,6.576910131268933,22052
M07 ρ=0.01,20261014,False,,9.592729720632784,21856
M07 ρ=0.01,20261015,False,,3.5038707505890274,22150
M07 ρ=0.01,20261016,False,,5.71524739145069,21954
M07 ρ=0.01,20261017,False,,6.889936048468529,22052
M07 ρ=0.01,20261018,False,,5.402221474251094,21660
M07 ρ=0.01,20261019,False,,10.410636149444631,22640
M07 ρ=0.01,20261020,False,,6.247054863682262,22542
M07 ρ=0.01,20261021,False,,9.148434870414002,21954
M07 ρ=0.01,20261022,False,,4.580949175361831,23620
M07 ρ=0.01,20261023,False,,9.434533826994278,22150
M07 ρ=0.01,20261024,False,,3.9246045102659037,21660
M07 ρ=0.01,20261025,False,,8.044429485021878,22052
M07 ρ=0.01,20261026,False,,3.907775159878829,22640
M07 ρ=0.01,20261027,False,,9.750925614271289,22150
M07 ρ=0.01,20261028,False,,4.240996297542915,21758
M07 ρ=0.01,20261029,False,,3.7967014473241334,21954
M07 ρ=0.01,20261030,False,,9.370582295523393,22052
M07 ρ=0.01,20261031,False,,3.439919219118142,22346
M07 ρ=0.01,20261032,False,,8.757993941433861,22640
M07 ρ=0.01,20261033,False,,7.859306630764053,21660
M07 ρ=0.01,20261034,False,,15.557051497812184,22836
M07 ρ=0.01,20261035,False,,4.442948502187815,21954
M07 ρ=0.01,20261036,False,,5.065634466509593,21856
M07 ρ=0.01,20261037,False,,7.25345001682935,22052
M07 ρ=0.01,20261038,False,,7.909794681925278,21660
M07 ρ=0.01,20261039,False,,7.627061595422417,22248
M07 ρ=0.01,20261040,False,,10.17502524402558,24404
M07 ρ=0.1,20261011,False,,2.844160215415685,32538
M07 ρ=0.1,20261012,False,,4.079434533826994,28618
M07 ρ=0.1,20261013,False,,2.857623695725345,29892
M07 ρ=0.1,20261014,False,,3.641871423763043,22346
M07 ρ=0.1,20261015,False,,3.318747896331202,22542
M07 ρ=0.1,20261016,False,,3.614944463143723,24208
M07 ρ=0.1,20261017,False,,3.7933355772467183,28030
M07 ρ=0.1,20261018,False,,3.0797711208347356,49198
M07 ρ=0.1,20261019,False,,3.2884550656344667,23718
M07 ρ=0.1,20261020,False,,3.5610905419050827,53510
M07 ρ=0.1,20261021,False,,3.8000673174015485,24796
M07 ρ=0.1,20261022,False,,2.4436216762032985,24404
M07 ρ=0.1,20261023,False,,3.0023561090541904,23130
M07 ρ=0.1,20261024,False,,3.470212049814877,22640
M07 ρ=0.1,20261025,False,,2.776842813867385,23620
M07 ρ=0.1,20261026,False,,5.348367553012454,22640
M07 ρ=0.1,20261027,False,,4.10972736452373,30088
M07 ρ=0.1,20261028,False,,4.069336923594749,22640
M07 ρ=0.1,20261029,False,,3.217771794008751,23424
M07 ρ=0.1,20261030,False,,3.7899697071693033,30774
M07 ρ=0.1,20261031,False,,2.871087176035005,26266
M07 ρ=0.1,20261032,False,,3.409626388421407,26952
M07 ρ=0.1,20261033,False,,4.665095927297206,23816
M07 ρ=0.1,20261034,False,,4.335240659710535,33714
M07 ρ=0.1,20261035,False,,3.446650959272972,22738
M07 ρ=0.1,20261036,False,,4.035678222820599,39006
M07 ρ=0.1,20261037,False,,3.954897340962639,45768
M07 ρ=0.1,20261038,False,,4.823291820935712,35380
M07 ρ=0.1,20261039,False,,3.2716257152473913,34106
M07 ρ=0.1,20261040,False,,2.379670144732413,25776
M07 ρ=1,20261011,False,,0.6664422753281724,78500
M07 ρ=1,20261012,True,0.6866374957926624,0.6866374957926624,37536
M07 ρ=1,20261013,False,,1.154493436553349,48806
M07 ρ=1,20261014,True,1.157859306630764,1.157859306630764,50766
M07 ρ=1,20261015,False,,0.6765398855604173,44200
M07 ρ=1,20261016,True,1.1814203971726691,1.1814203971726691,28422
M07 ρ=1,20261017,False,,1.0905419050824638,35674
M07 ρ=1,20261018,True,0.568832043083137,0.568832043083137,32146
M07 ρ=1,20261019,False,,0.5856613934702121,58606
M07 ρ=1,20261020,True,1.5348367553012454,1.5348367553012454,24110
M07 ρ=1,20261021,True,0.5284416021541568,0.5284416021541568,99962
M07 ρ=1,20261022,True,1.0366879838438237,1.0366879838438237,28716
M07 ρ=1,20261023,True,0.595759003702457,0.595759003702457,35968
M07 ρ=1,20261024,False,,1.2386401884887244,54294
M07 ρ=1,20261025,True,1.0636149444631438,1.0636149444631438,30578
M07 ρ=1,20261026,True,1.107371255469539,1.107371255469539,38712
M07 ρ=1,20261027,True,0.6024907438572871,0.6024907438572871,38124
M07 ρ=1,20261028,False,,1.0602490743857287,41946
M07 ρ=1,20261029,False,,0.7068327162571525,28422
M07 ρ=1,20261030,True,1.093907775159879,1.093907775159879,49786
M07 ρ=1,20261031,False,,1.3530797711208347,28422
M07 ρ=1,20261032,False,,1.0838101649276337,27638
M07 ρ=1,20261033,True,0.6428811847862672,0.6428811847862672,49296
M07 ρ=1,20261034,True,0.5856613934702121,0.5856613934702121,49884
M07 ρ=1,20261035,True,1.0737125546953887,1.0737125546953887,30676
M07 ρ=1,20261036,True,1.1006395153147088,1.1006395153147088,46356
M07 ρ=1,20261037,True,1.1612251767081792,1.1612251767081792,37830
M07 ρ=1,20261038,True,0.5048805116122518,0.5048805116122518,48610
M07 ρ=1,20261039,False,,1.3631773813530799,34204
M07 ρ=1,20261040,False,,0.6866374957926624,31754
M07 ρ=10,20261011,True,1.5954224166947155,1.5954224166947155,40084
M07 ρ=10,20261012,True,1.1141029956243689,1.1141029956243689,41162
M07 ρ=10,20261013,True,1.151127566475934,1.151127566475934,34400
M07 ρ=10,20261014,True,1.709861999326826,1.709861999326826,26854
M07 ρ=10,20261015,True,1.0703466846179737,1.0703466846179737,33322
M07 ρ=10,20261016,True,1.104005385392124,1.104005385392124,54294
M07 ρ=10,20261017,True,1.104005385392124,1.104005385392124,37242
M07 ρ=10,20261018,True,1.1141029956243689,1.1141029956243689,43122
M07 ρ=10,20261019,True,0.6395153147088523,0.6395153147088523,36654
M07 ρ=10,20261020,True,1.5987882867721306,1.5987882867721306,30284
M07 ρ=10,20261021,True,1.5483002356109055,1.5483002356109055,27050
M07 ρ=10,20261022,True,0.7101985863345674,0.7101985863345674,44396
M07 ρ=10,20261023,True,1.5684954560753954,1.5684954560753954,25776
M07 ρ=10,20261024,True,1.0703466846179737,1.0703466846179737,28520
M07 ρ=10,20261025,True,1.1141029956243689,1.1141029956243689,43612
M07 ρ=10,20261026,True,1.1847862672500842,1.1847862672500842,30872
M07 ρ=10,20261027,True,1.178054527095254,1.178054527095254,38124
M07 ρ=10,20261028,True,1.130932346011444,1.130932346011444,28618
M07 ρ=10,20261029,True,0.552002692696062,0.552002692696062,29794
M07 ρ=10,20261030,True,1.5819589363850555,1.5819589363850555,57528
M07 ρ=10,20261031,True,1.1814203971726691,1.1814203971726691,32930
M07 ρ=10,20261032,True,0.582295523392797,0.582295523392797,42632
M07 ρ=10,20261033,True,1.1107371255469538,1.1107371255469538,40476
M07 ρ=10,20261034,True,1.0669808145405588,1.0669808145405588,57724
M07 ρ=10,20261035,True,1.144395826321104,1.144395826321104,30676
M07 ρ=10,20261036,True,1.2319084483338942,1.2319084483338942,35576
M07 ρ=10,20261037,True,1.7536183103332212,1.7536183103332212,25286
M07 ρ=10,20261038,True,1.659373948165601,1.659373948165601,37634
M07 ρ=10,20261039,True,0.7573207674183776,0.7573207674183776,40770
M07 ρ=10,20261040,True,0.6058566139347021,0.6058566139347021,35772
