etapa,pm_factor,k,W,semilla,brecha_pct,evaluaciones
rejilla,0.5,2,50,20261100,0.9896324222431668,15976
rejilla,0.5,2,50,20261101,1.1310084825636193,22150
rejilla,0.5,2,50,20261102,2.2330167476256073,9900
rejilla,0.5,2,50,20261103,2.58826941202059,10096
rejilla,0.5,2,50,20261104,1.297759733197999,22444
rejilla,0.5,2,50,20261105,1.5587616907126804,18720
rejilla,0.5,2,50,20261106,0.9715072863046473,24894
rejilla,0.5,2,50,20261107,1.4826361197708984,16074
rejilla,0.5,2,50,20261108,1.6348872616544623,11272
rejilla,0.5,2,50,20261109,2.0626404698035237,13134
rejilla,0.5,3,50,20261100,2.088015660117451,13820
rejilla,0.5,3,50,20261101,3.3096498223736677,10390
rejilla,0.5,3,50,20261102,1.5551366635249764,12938
rejilla,0.5,3,50,20261103,2.5447690857681433,10292
rejilla,0.5,3,50,20261104,1.7835133763503226,10194
rejilla,0.5,3,50,20261105,1.1962589719422896,8528
rejilla,0.5,3,50,20261106,2.160516203871529,9410
rejilla,0.5,3,50,20261107,1.5587616907126804,11370
rejilla,0.5,3,50,20261108,2.639019792648445,11664
rejilla,0.5,3,50,20261109,2.7731457985934895,6078
rejilla,0.5,5,50,20261100,2.751395635467266,6960
rejilla,0.5,5,50,20261101,3.255274414558109,11272
rejilla,0.5,5,50,20261102,4.429783223374176,6274
rejilla,0.5,5,50,20261103,3.338650039875299,12056
rejilla,0.5,5,50,20261104,2.950772130790981,5980
rejilla,0.5,5,50,20261105,2.35626767200754,9312
rejilla,0.5,5,50,20261106,3.382150366127746,6568
rejilla,0.5,5,50,20261107,2.1713912854346407,6470
rejilla,0.5,5,50,20261108,2.0553904154281155,6764
rejilla,0.5,5,50,20261109,3.3205249039367795,6470
rejilla,1.0,2,50,20261100,1.5478866091495687,19014
rejilla,1.0,2,50,20261101,1.4681360110200827,15192
rejilla,1.0,2,50,20261102,1.0440078300587254,9312
rejilla,1.0,2,50,20261103,2.6535199013992603,5294
rejilla,1.0,2,50,20261104,1.5515116363372725,15192
rejilla,1.0,2,50,20261105,1.7110128325962444,8038
rejilla,1.0,2,50,20261106,1.3086348147611107,19798
rejilla,1.0,2,50,20261107,2.044515333865004,9704
rejilla,1.0,2,50,20261108,2.091640687305155,18916
rejilla,1.0,2,50,20261109,1.5442615819618648,13428
rejilla,1.0,3,50,20261100,1.5152613644602335,17152
rejilla,1.0,3,50,20261101,2.127890959182194,14898
rejilla,1.0,3,50,20261102,1.0403828028710216,11958
rejilla,1.0,3,50,20261103,1.5986369897774233,9312
rejilla,1.0,3,50,20261104,2.276517073878054,8822
rejilla,1.0,3,50,20261105,0.45312839846298847,14016
rejilla,1.0,3,50,20261106,1.457260929456971,20288
rejilla,1.0,3,50,20261107,1.5297614732110492,11468
rejilla,1.0,3,50,20261108,1.0911331834988762,15486
rejilla,1.0,3,50,20261109,2.200391502936272,12938
rejilla,1.0,5,50,20261100,2.642644819836149,11664
rejilla,1.0,5,50,20261101,2.831146233596752,9606
rejilla,1.0,5,50,20261102,2.113390850431378,12252
rejilla,1.0,5,50,20261103,2.6716450373377802,9214
rejilla,1.0,5,50,20261104,2.552019140143551,11958
rejilla,1.0,5,50,20261105,2.4070180526353946,6274
rejilla,1.0,5,50,20261106,2.0590154426158196,9214
rejilla,1.0,5,50,20261107,2.084390632929747,8038
rejilla,1.0,5,50,20261108,1.7980134851011382,8136
rejilla,1.0,5,50,20261109,1.062132965997245,14604
rejilla,2.0,2,50,20261100,1.729137968534764,17642
rejilla,2.0,2,50,20261101,2.1460160951207135,14310
rejilla,2.0,2,50,20261102,1.7182628869716523,8626
rejilla,2.0,2,50,20261103,1.102008265061988,22346
rejilla,2.0,2,50,20261104,2.3852678895091715,15780
rejilla,2.0,2,50,20261105,2.9290219676647573,5294
rejilla,2.0,2,50,20261106,2.7985209889074167,8724
rejilla,2.0,2,50,20261107,1.9321394910461829,15878
rejilla,2.0,2,50,20261108,2.363517726382948,9704
rejilla,2.0,2,50,20261109,2.3018922641919812,9410
rejilla,2.0,3,50,20261100,2.2185166388747914,10782
rejilla,2.0,3,50,20261101,1.5805118538389038,10292
rejilla,2.0,3,50,20261102,2.7260204451533387,5294
rejilla,2.0,3,50,20261103,1.5805118538389038,14408
rejilla,2.0,3,50,20261104,1.6167621257159428,16956
rejilla,2.0,3,50,20261105,1.732762995722468,15486
rejilla,2.0,3,50,20261106,2.6933952004640034,12350
rejilla,2.0,3,50,20261107,1.928514463858479,10782
rejilla,2.0,3,50,20261108,1.8487638657289929,9214
rejilla,2.0,3,50,20261109,1.3267599506996302,22150
rejilla,2.0,5,50,20261100,1.7182628869716523,8626
rejilla,2.0,5,50,20261101,1.5152613644602335,20484
rejilla,2.0,5,50,20261102,2.320017400130501,8724
rejilla,2.0,5,50,20261103,1.2325092438193286,15094
rejilla,2.0,5,50,20261104,1.5043862828971217,13232
rejilla,2.0,5,50,20261105,1.7472631044732836,7156
rejilla,2.0,5,50,20261106,1.6421373160298702,10684
rejilla,2.0,5,50,20261107,1.6058870441528312,16760
rejilla,2.0,5,50,20261108,1.6421373160298702,9704
rejilla,2.0,5,50,20261109,1.218009135068513,14800
ventana,0.5,2,25,20261100,2.6100195751468136,4118
ventana,0.5,2,25,20261101,2.635394765460741,4902
ventana,0.5,2,25,20261102,2.2330167476256073,7450
ventana,0.5,2,25,20261103,2.6535199013992603,2844
ventana,0.5,2,25,20261104,1.5478866091495687,12350
ventana,0.5,2,25,20261105,2.7332704995287465,5784
ventana,0.5,2,25,20261106,2.240266802001015,7254
ventana,0.5,2,25,20261107,1.4826361197708984,13624
ventana,0.5,2,25,20261108,1.6348872616544623,8822
ventana,0.5,2,25,20261109,2.2946422098165735,6176
ventana,0.5,2,50,20261100,0.9896324222431668,15976
ventana,0.5,2,50,20261101,1.1310084825636193,22150
ventana,0.5,2,50,20261102,2.2330167476256073,9900
ventana,0.5,2,50,20261103,2.58826941202059,10096
ventana,0.5,2,50,20261104,1.297759733197999,22444
ventana,0.5,2,50,20261105,1.5587616907126804,18720
ventana,0.5,2,50,20261106,0.9715072863046473,24894
ventana,0.5,2,50,20261107,1.4826361197708984,16074
ventana,0.5,2,50,20261108,1.6348872616544623,11272
ventana,0.5,2,50,20261109,2.0626404698035237,13134
ventana,0.5,2,100,20261100,0.9896324222431668,20876
ventana,0.5,2,100,20261101,0.9533821503661277,33812
ventana,0.5,2,100,20261102,1.5297614732110492,27050
ventana,0.5,2,100,20261103,2.225766693250199,21366
ventana,0.5,2,100,20261104,1.297759733197999,27344
ventana,0.5,2,100,20261105,1.5587616907126804,23620
ventana,0.5,2,100,20261106,0.9715072863046473,29794
ventana,0.5,2,100,20261107,1.4826361197708984,20974
ventana,0.5,2,100,20261108,1.6348872616544623,16172
ventana,0.5,2,100,20261109,0.9171318784890886,27050
ventana,0.5,2,200,20261100,0.9896324222431668,30676
ventana,0.5,2,200,20261101,0.9533821503661277,43612
ventana,0.5,2,200,20261102,1.5297614732110492,36850
ventana,0.5,2,200,20261103,2.1025157688682663,48022
ventana,0.5,2,200,20261104,1.0911331834988762,56352
ventana,0.5,2,200,20261105,1.5587616907126804,33420
ventana,0.5,2,200,20261106,0.9715072863046473,39594
ventana,0.5,2,200,20261107,1.4826361197708984,30774
ventana,0.5,2,200,20261108,1.5913869354020156,39104
ventana,0.5,2,200,20261109,0.431378235336765,72816
