instancia,semilla,optimo,ag_valor,ag_brecha_pct,ag_acierto,ba_valor,ba_brecha_pct,ba_acierto,evaluaciones,generaciones,eval_mejor,segundos,factible_inicial,factible_final,diversidad_inicial,diversidad_final,distintos_final,seleccion
E20-F,20261011,25738,25564,0.6760432046002021,False,25528,0.8159142124485197,False,23032,234,3432,0.027880582987563685,0.22,0.69,0.46836363636363637,0.11228282828282829,48,10110000011011001001
E20-F,20261012,25738,25668,0.27197140414950655,False,25626,0.4351542466392105,False,22542,229,2942,0.026957666996167973,0.16,0.75,0.485969696969697,0.10637373737373737,46,11101001010001001010
E20-F,20261013,25738,25358,1.4764161939544642,False,25698,0.15541223094257517,False,22150,225,2550,0.026682166993850842,0.15,0.67,0.4792020202020202,0.10207070707070708,47,00100000110010111010
E20-F,20261014,25738,25738,0.0,True,25624,0.44292485818633925,False,30284,308,10684,0.035756041994318366,0.15,0.67,0.486010101010101,0.12554545454545454,49,01101000001110101010
E20-F,20261015,25738,25458,1.0878856165980262,False,25626,0.4351542466392105,False,21562,219,1962,0.025697834003949538,0.15,0.72,0.48019191919191917,0.1014040404040404,39,11100000101001011010
E20-F,20261016,25738,25738,0.0,True,25626,0.4351542466392105,False,29304,298,9704,0.035183041996788234,0.19,0.72,0.4812626262626263,0.11309090909090909,46,01101000001110101010
E20-F,20261017,25738,25476,1.0179501126738675,False,25738,0.0,True,22444,228,2844,0.02640649999375455,0.19,0.68,0.47884848484848486,0.10802020202020202,46,11110000111101000000
E20-F,20261018,25738,25572,0.644960758411687,False,25698,0.15541223094257517,False,28226,287,8626,0.033956541010411456,0.2,0.81,0.47519191919191917,0.09418181818181819,40,00110000011101000111
E20-F,20261019,25738,25372,1.4220219131245628,False,25276,1.7950112673867433,False,20092,204,492,0.023636124999029562,0.22,0.65,0.4825656565656566,0.18677777777777776,69,11101100100000011000
E20-F,20261020,25738,25698,0.15541223094257517,False,25562,0.6838138161473308,False,23522,239,3922,0.028183874994283542,0.22,0.69,0.4753636363636364,0.10402020202020203,47,00101000111000011101
E20-F,20261021,25738,25624,0.44292485818633925,False,25532,0.8003729893542622,False,23032,234,3432,0.03290804199059494,0.1,0.72,0.4877171717171717,0.11177777777777778,49,11110000011001010001
E20-F,20261022,25738,25694,0.1709534540368327,False,25626,0.4351542466392105,False,35576,362,15976,0.05376737500773743,0.18,0.72,0.4806060606060606,0.06925252525252525,32,01010010011011011000
E20-F,20261023,25738,25562,0.6838138161473308,False,25450,1.1189680627865413,False,26364,268,6764,0.03747895799460821,0.12,0.67,0.4857171717171717,0.152010101010101,57,11100001001011001010
E20-F,20261024,25738,25694,0.1709534540368327,False,25504,0.9091615510140648,False,26070,265,6470,0.03748462497605942,0.25,0.73,0.4798282828282828,0.081010101010101,36,01010010011011011000
E20-F,20261025,25738,25624,0.44292485818633925,False,25480,1.00240888957961,False,21366,217,1766,0.026304208004148677,0.15,0.73,0.48182828282828283,0.11737373737373738,47,11110000011001010001
E20-F,20261026,25738,25356,1.484186805501593,False,25428,1.2044447898049577,False,22542,229,2942,0.026959083013935015,0.19,0.72,0.4823939393939394,0.0943030303030303,43,11100000001110000110
E20-F,20261027,25738,25588,0.5827958660346569,False,25418,1.2432978475406014,False,22052,224,2452,0.026740291010355577,0.13,0.68,0.4846262626262626,0.15192929292929294,60,11101001001011010000
E20-F,20261028,25738,25686,0.20203590022534773,False,25370,1.4297925246716916,False,26070,265,6470,0.03258083399850875,0.16,0.74,0.47903030303030303,0.09291919191919192,38,10100001101001001011
E20-F,20261029,25738,25588,0.5827958660346569,False,25340,1.5463516978786231,False,20876,212,1276,0.025985125015722588,0.18,0.76,0.4835252525252525,0.09738383838383838,38,01110000101100001101
E20-F,20261030,25738,25694,0.1709534540368327,False,25392,1.3443157976532754,False,24992,254,5392,0.03122887498466298,0.21,0.68,0.4782828282828283,0.13514141414141415,55,01100000011011011100
E20-F,20261031,25738,25624,0.44292485818633925,False,25530,0.8081436009013909,False,21660,220,2060,0.026620667020324618,0.25,0.7,0.47654545454545455,0.12542424242424244,57,11110000011001010001
E20-F,20261032,25738,25694,0.1709534540368327,False,25686,0.20203590022534773,False,31362,319,11762,0.03801950000342913,0.18,0.74,0.48263636363636364,0.06943434343434343,32,01100000011011011100
E20-F,20261033,25738,25624,0.44292485818633925,False,25588,0.5827958660346569,False,22934,233,3334,0.02723291699658148,0.25,0.72,0.47406060606060607,0.10927272727272727,48,01110000100111011000
E20-F,20261034,25738,25624,0.44292485818633925,False,25356,1.484186805501593,False,20680,210,1080,0.024793999997200444,0.14,0.77,0.4753232323232323,0.08956565656565657,38,00001000101111011001
E20-F,20261035,25738,25694,0.1709534540368327,False,25624,0.44292485818633925,False,33028,336,13428,0.03891225002007559,0.16,0.65,0.4794646464646465,0.14266666666666666,61,01100000011011011100
E20-F,20261036,25738,25592,0.5672546429403994,False,25624,0.44292485818633925,False,24110,245,4510,0.028825499990489334,0.15,0.66,0.4817979797979798,0.1154949494949495,51,01110000101100010011
E20-F,20261037,25738,25534,0.7926023778071334,False,25356,1.484186805501593,False,23620,240,4020,0.028668500017374754,0.16,0.67,0.4806060606060606,0.1593232323232323,63,01101000000111011010
E20-F,20261038,25738,25624,0.44292485818633925,False,25484,0.9868676664853524,False,21170,215,1570,0.024920833006035537,0.21,0.82,0.47854545454545455,0.10213131313131313,39,11110000011001010001
E20-F,20261039,25738,25694,0.1709534540368327,False,25618,0.46623669282772556,False,29500,300,9900,0.03552120801759884,0.12,0.68,0.489,0.09363636363636364,42,01010010011011011000
E20-F,20261040,25738,25698,0.15541223094257517,False,25424,1.2199860128992153,False,26854,273,7254,0.03218579100212082,0.09,0.67,0.48253535353535354,0.08606060606060606,40,00101000111000011101
E20-D,20261011,29189,29189,0.0,True,28854,1.1476926239336736,False,21660,220,2060,0.025957083998946473,0.31,0.73,0.46836363636363637,0.09431313131313131,37,00010000001011111000
E20-D,20261012,29189,29189,0.0,True,27706,5.080681078488472,False,21072,214,1472,0.025327624985948205,0.19,0.7,0.485969696969697,0.1973939393939394,72,00010000001011111000
E20-D,20261013,29189,29189,0.0,True,28239,3.25465072458803,False,21464,218,1864,0.02617816600832157,0.2,0.73,0.4792020202020202,0.10290909090909091,45,00010000001011111000
E20-D,20261014,29189,29141,0.16444551029497415,False,28723,1.5964918291137071,False,21856,222,2256,0.02610312498291023,0.14,0.7,0.486010101010101,0.12257575757575757,54,00010110001010101000
E20-D,20261015,29189,29189,0.0,True,28239,3.25465072458803,False,21464,218,1864,0.026016833988251165,0.19,0.79,0.48019191919191917,0.12546464646464647,51,00010000001011111000
E20-D,20261016,29189,29189,0.0,True,27789,4.796327383603412,False,24796,252,5196,0.029945916001452133,0.22,0.74,0.4812626262626263,0.1228888888888889,48,00010000001011111000
E20-D,20261017,29189,29189,0.0,True,27422,6.053650347733735,False,21660,220,2060,0.026204624999081716,0.27,0.76,0.4790606060606061,0.09697979797979799,42,00010000001011111000
E20-D,20261018,29189,29189,0.0,True,28769,1.4388982150810237,False,23130,235,3530,0.0279625830007717,0.2,0.75,0.47519191919191917,0.12567676767676766,51,00010000001011111000
E20-D,20261019,29189,29189,0.0,True,28186,3.4362259755387305,False,21660,220,2060,0.025962666986742988,0.21,0.71,0.4825656565656566,0.14573737373737375,60,00010000001011111000
E20-D,20261020,29189,29189,0.0,True,28660,1.8123265613758608,False,23620,240,4020,0.028436874999897555,0.21,0.69,0.4753636363636364,0.135010101010101,56,00010000001011111000
E20-D,20261021,29189,29189,0.0,True,27561,5.577443557504539,False,31754,323,12154,0.037808458000654355,0.16,0.75,0.4877171717171717,0.11628282828282828,46,00010000001011111000
E20-D,20261022,29189,29189,0.0,True,28186,3.4362259755387305,False,22640,230,3040,0.027156584023032337,0.22,0.75,0.4806060606060606,0.08785858585858586,39,00010000001011111000
E20-D,20261023,29189,29141,0.16444551029497415,False,28854,1.1476926239336736,False,22542,229,2942,0.026700499991420656,0.19,0.76,0.4857171717171717,0.14617171717171717,59,00010110001010101000
E20-D,20261024,29189,29189,0.0,True,29141,0.16444551029497415,False,36948,376,17348,0.04400366701884195,0.2,0.54,0.4798282828282828,0.14355555555555555,55,00010000001011111000
E20-D,20261025,29189,29189,0.0,True,28477,2.4392750693754497,False,22444,228,2844,0.027109625021694228,0.21,0.71,0.48182828282828283,0.15952525252525251,60,00010000001011111000
E20-D,20261026,29189,29189,0.0,True,27466,5.902908629963342,False,21464,218,1864,0.026256042008753866,0.15,0.69,0.4823939393939394,0.0995959595959596,45,00010000001011111000
E20-D,20261027,29189,29141,0.16444551029497415,False,28723,1.5964918291137071,False,21464,218,1864,0.027484666992677376,0.14,0.72,0.4846262626262626,0.20747474747474748,83,00010110001010101000
E20-D,20261028,29189,29141,0.16444551029497415,False,28477,2.4392750693754497,False,22444,228,2844,0.0280977500078734,0.26,0.8,0.47903030303030303,0.10469696969696969,43,00010110001010101000
E20-D,20261029,29189,29141,0.16444551029497415,False,27572,5.5397581280619415,False,21464,218,1864,0.02632770800846629,0.2,0.78,0.4835252525252525,0.1175959595959596,49,00010110001010101000
E20-D,20261030,29189,29189,0.0,True,27456,5.937168111274795,False,26266,267,6666,0.04254745799698867,0.22,0.72,0.4782828282828283,0.1515050505050505,60,00010000001011111000
E20-D,20261031,29189,29189,0.0,True,28854,1.1476926239336736,False,25188,256,5588,0.03157125000143424,0.29,0.7,0.47654545454545455,0.08231313131313131,35,00010000001011111000
E20-D,20261032,29189,29189,0.0,True,28286,3.093631162424201,False,22934,233,3334,0.02772091599763371,0.24,0.7,0.48263636363636364,0.10473737373737374,45,00010000001011111000
E20-D,20261033,29189,29189,0.0,True,29189,0.0,True,23032,234,3432,0.027597000007517636,0.16,0.75,0.47406060606060607,0.11004040404040404,46,00010000001011111000
E20-D,20261034,29189,29189,0.0,True,27766,4.875124190619754,False,20974,213,1374,0.025815041997702792,0.24,0.71,0.4753232323232323,0.07666666666666666,35,00010000001011111000
E20-D,20261035,29189,29189,0.0,True,28055,3.885025180718764,False,22052,224,2452,0.027598999993642792,0.21,0.77,0.4794646464646465,0.13154545454545455,56,00010000001011111000
E20-D,20261036,29189,29189,0.0,True,27474,5.87550104491418,False,30774,313,11174,0.038307333015836775,0.15,0.69,0.48192929292929293,0.08575757575757575,39,00010000001011111000
E20-D,20261037,29189,29141,0.16444551029497415,False,29141,0.16444551029497415,False,23032,234,3432,0.02768175001256168,0.23,0.71,0.4806060606060606,0.14085858585858585,57,00010110001010101000
E20-D,20261038,29189,29189,0.0,True,27754,4.916235568193498,False,21366,217,1766,0.026135209016501904,0.17,0.79,0.47854545454545455,0.07857575757575758,34,00010000001011111000
E20-D,20261039,29189,29189,0.0,True,29189,0.0,True,25188,256,5588,0.03195099998265505,0.14,0.59,0.489,0.13360606060606062,56,00010000001011111000
E20-D,20261040,29189,29141,0.16444551029497415,False,28854,1.1476926239336736,False,26560,270,6960,0.03301045799162239,0.2,0.68,0.48253535353535354,0.10614141414141415,46,00010110001010101000
E50-F,20261011,59420,58714,1.1881521373274992,False,57820,2.6926960619320095,False,36262,369,16662,0.07304262500838377,0.08,0.79,0.4747919191919192,0.051014141414141415,59,10111000001101000000011011100110010111001001101010
E50-F,20261012,59420,58812,1.0232245035341636,False,57968,2.4436216762032985,False,38222,389,18622,0.0756579999870155,0.04,0.73,0.4843070707070707,0.03756767676767677,49,00100001001111010100010011110101011101000101110000
E50-F,20261013,59420,58500,1.5483002356109055,False,58058,2.292157522719623,False,43024,438,23424,0.08302662501228042,0.06,0.72,0.4798868686868687,0.058953535353535355,65,11110001000101100101001010100011000100011101100100
E50-F,20261014,59420,58470,1.5987882867721306,False,58322,1.8478626725008416,False,31558,321,11958,0.06279579200781882,0.06,0.64,0.47943838383838383,0.04536161616161616,55,10000000011101000110010111111011011100001000001010
E50-F,20261015,59420,58446,1.6391787277011107,False,58280,1.9185459441265567,False,51158,521,31558,0.10570966699742712,0.06,0.63,0.4812040404040404,0.05431515151515152,69,00101000000011000010010011111100011110101001100011
E50-F,20261016,59420,58502,1.5449343655334904,False,57866,2.6152810501514643,False,32636,332,13036,0.06023745800484903,0.07,0.75,0.4808282828282828,0.06213333333333333,60,10110011011110001000000001100011010000001001111011
E50-F,20261017,59420,59084,0.565466173005722,False,57624,3.0225513295186808,False,28422,289,8822,0.053378500015242025,0.09,0.69,0.47668282828282826,0.08666666666666667,86,11111010001100000100000111110111001100001110001100
E50-F,20261018,59420,58738,1.147761696398519,False,58178,2.090205318074722,False,41260,420,21660,0.07743766700150445,0.05,0.76,0.4794141414141414,0.03747070707070707,50,11111010001111000001001110100000001010001100101101
E50-F,20261019,59420,58454,1.6257152473914507,False,58222,2.016156176371592,False,22640,230,3040,0.041445583978202194,0.04,0.61,0.4847757575757576,0.07793131313131313,76,01111001001001000011010101111100001100011000001100
E50-F,20261020,59420,59044,0.6327835745540222,False,57932,2.504207337596769,False,67328,686,47728,0.12899166700663045,0.07,0.76,0.4773454545454546,0.04736969696969697,56,10111011001111010000000011000111001100001001100111
E50-F,20261021,59420,58820,1.0097610232245036,False,57906,2.547963648603164,False,38810,395,19210,0.0706343750061933,0.04,0.72,0.48162828282828285,0.04192323232323232,54,11111001001100011100001010100010011010011000010101
E50-F,20261022,59420,59016,0.6799057556378324,False,58290,1.9017165937394818,False,34890,355,15290,0.06337091699242592,0.1,0.74,0.4783838383838384,0.0510989898989899,57,11111000001111000100001100100111001101011101010000
E50-F,20261023,59420,58520,1.5146415348367552,False,58082,2.2517670817906428,False,38516,392,18916,0.07361908300663345,0.09,0.77,0.4852767676767677,0.04628686868686869,55,11011000110101010000010110111100001110010011000000
E50-F,20261024,59420,59110,0.5217098619993268,False,57974,2.4335240659710533,False,57038,581,37438,0.10446062500705011,0.06,0.7,0.4775959595959596,0.04492121212121212,55,00111000101101010000001010110110011110001111110000
E50-F,20261025,59420,58926,0.8313699091215079,False,58074,2.265230562100303,False,60174,613,40574,0.11834866600111127,0.04,0.76,0.4810747474747475,0.050597979797979795,60,10111000001101000000011010111100011100001101011011
E50-F,20261026,59420,58482,1.5785930663076406,False,57838,2.6624032312352743,False,26658,271,7058,0.0515736669767648,0.06,0.69,0.4815757575757576,0.043652525252525255,50,00001110100101000001011110101110001100001100110010
E50-F,20261027,59420,59072,0.5856613934702121,False,58120,2.187815550319758,False,58312,594,38712,0.11386012498405762,0.05,0.75,0.4849171717171717,0.04006060606060606,47,11111010000101000101001110110110011100001010101000
E50-F,20261028,59420,58718,1.1814203971726691,False,57836,2.6657691013126894,False,25874,263,6274,0.04878741700667888,0.11,0.74,0.4776888888888889,0.04395555555555555,52,11111110010111000100001111110000001100000100101000
E50-F,20261029,59420,58482,1.5785930663076406,False,58026,2.3460114439582633,False,59194,603,39594,0.1172671249951236,0.07,0.72,0.47997575757575756,0.0589010101010101,68,00101111000111000001001111110000001010011001000011
E50-F,20261030,59420,58706,1.2016156176371593,False,58114,2.1979131605520026,False,63996,652,44396,0.1244507500086911,0.09,0.71,0.4770060606060606,0.06715151515151516,71,11110010001010000000011000111001011100011101111000
E50-F,20261031,59420,58736,1.151127566475934,False,58022,2.352743184113093,False,50668,516,31068,0.09674558401457034,0.08,0.86,0.4757010101010101,0.055317171717171716,53,10110010001111010001001100110011011100011101000000
E50-F,20261032,59420,58634,1.3227869404240997,False,57952,2.4705486368226186,False,25776,262,6176,0.05089312500786036,0.12,0.73,0.4804323232323232,0.09888080808080808,84,11001010010001011100001010110101011100111000110000
E50-F,20261033,59420,58754,1.120834735779199,False,58192,2.066644227532817,False,40280,410,20680,0.07115287499618717,0.06,0.74,0.48132525252525254,0.038723232323232326,46,01101010101110010101001101100100000101001001110100
E50-F,20261034,59420,58780,1.0770784247728038,False,58132,2.1676203298552674,False,42338,431,22738,0.0804979579988867,0.04,0.66,0.4802868686868687,0.06287676767676768,66,10111000001011000101000000100111011111000001101110
E50-F,20261035,59420,58992,0.7202961965668125,False,57534,3.174015483002356,False,30088,306,10488,0.05676487501477823,0.03,0.74,0.48416969696969697,0.03517171717171717,42,10101000001101001100000010110111001100101001110111
E50-F,20261036,59420,58468,1.6021541568495457,False,57806,2.7162571524739145,False,29108,296,9508,0.056962667003972456,0.07,0.77,0.4790343434343434,0.046238383838383836,54,00100001010011001101001111110100001100011000101001
E50-F,20261037,59420,58492,1.5617637159205655,False,58080,2.255132951868058,False,39594,403,19994,0.07769629202084616,0.09,0.64,0.47972929292929295,0.0417979797979798,52,10001010010101001111000110110000001100001000101111
E50-F,20261038,59420,58722,1.1746886570178392,False,57816,2.6994278020868396,False,40476,412,20876,0.07605524998507462,0.05,0.68,0.48045252525252524,0.05371313131313131,62,11101010000101000101010100110110001100011101100100
E50-F,20261039,59420,58766,1.1006395153147088,False,58002,2.3864018848872433,False,49394,503,29794,0.09997795798699372,0.06,0.73,0.4865979797979798,0.043167676767676764,50,00111000001101001000000111110010011110101000101110
E50-F,20261040,59420,58788,1.0636149444631438,False,58306,1.8747896331201617,False,29206,297,9606,0.05189729199628346,0.1,0.72,0.4818949494949495,0.08188686868686869,81,11111101001001000100001110110110000111001000110000
E50-D,20261011,71429,71143,0.4003975976144143,False,63683,10.844334933990396,False,32734,333,13134,0.06468700000550598,0.08,0.62,0.4747919191919192,0.06372929292929293,70,00000101010001001000110011111011100000011000010000
E50-D,20261012,71429,71008,0.5893964636212182,False,63082,11.685729885620686,False,24306,247,4706,0.04899062501499429,0.02,0.71,0.4843070707070707,0.05298989898989899,60,00010101011001001000110011101011100000101000100001
E50-D,20261013,71429,70833,0.8343949936300382,False,63065,11.709529742821543,False,40868,416,21268,0.07927225000457838,0.06,0.68,0.4798868686868687,0.04985858585858586,57,00010100010011011000110011011011100000011000100000
E50-D,20261014,71429,70497,1.3047921712469726,False,61902,13.337719973680159,False,28716,292,9116,0.05736395900021307,0.03,0.76,0.47943838383838383,0.06392323232323233,65,00010100111001001000110010101011100000010000110101
E50-D,20261015,71429,71162,0.3737977572134567,False,65408,8.429349423903457,False,42828,436,23228,0.08520458301063627,0.06,0.6,0.4812040404040404,0.04230707070707071,53,00010101011000001000110011111011100000010000010001
E50-D,20261016,71429,70577,1.1927928432429404,False,64268,10.025339847960913,False,37144,378,17544,0.07015387498540804,0.01,0.69,0.4808282828282828,0.04138181818181818,52,00010101010000001000110011111011101001001000100000
E50-D,20261017,71429,70833,0.8343949936300382,False,64942,9.081745509526943,False,40182,409,20582,0.07871783399605192,0.1,0.77,0.47668282828282826,0.04236363636363636,52,00010100010011011000110011011011100000011000100000
E50-D,20261018,71429,71125,0.4255974464153215,False,63026,11.76412941522351,False,27736,282,8136,0.05380654099280946,0.08,0.75,0.47925656565656566,0.05526464646464647,60,00010100011001001000110010111011100001011000100000
E50-D,20261019,71429,71008,0.5893964636212182,False,62993,11.810329138025171,False,30970,315,11370,0.05915433302288875,0.04,0.69,0.4847757575757576,0.04714747474747475,60,00010101011001001000110011101011100000101000100001
E50-D,20261020,71429,71143,0.4003975976144143,False,63310,11.366531800809195,False,38320,390,18720,0.07585504101007245,0.09,0.74,0.4773454545454546,0.06955959595959596,70,00000101010001001000110011111011100000011000010000
E50-D,20261021,71429,70902,0.7377955732265606,False,63881,10.567136597180417,False,49786,507,30186,0.10070212499704212,0.06,0.75,0.48162828282828285,0.04837979797979798,56,00010100011101001000110011111011100000010000101000
E50-D,20261022,71429,71070,0.5025969844180935,False,63126,11.62413025521847,False,33126,337,13526,0.06396349999704398,0.07,0.74,0.4783838383838384,0.07048888888888889,69,00010101010001001000110011111011100000011000000001
E50-D,20261023,71429,70801,0.8791947248316511,False,62941,11.883128701227793,False,32244,328,12644,0.06157458300003782,0.06,0.69,0.4852767676767677,0.048775757575757576,60,00010100010001011000110011101011100000011000010000
E50-D,20261024,71429,70957,0.6607960352237886,False,63946,10.47613714317714,False,40476,412,20876,0.08070733302156441,0.03,0.7,0.4775959595959596,0.04482020202020202,57,00010101010001001000110011111011100001001000100000
E50-D,20261025,71429,71143,0.4003975976144143,False,64209,10.107939352363886,False,47532,484,27932,0.0938571669976227,0.07,0.65,0.4810747474747475,0.05254141414141414,59,00000101010001001000110011111011100000011000010000
E50-D,20261026,71429,70844,0.8189950860294838,False,64218,10.095339427963433,False,34498,351,14898,0.06687495799269527,0.06,0.69,0.4815757575757576,0.05472727272727273,61,00010101011001011000110011001011100000011000100000
E50-D,20261027,71429,70607,1.1507930952414285,False,63509,11.087933472399166,False,38516,392,18916,0.0744628329994157,0.05,0.63,0.4849171717171717,0.07779393939393939,76,00010111011001001000110010111011100000010000100001
E50-D,20261028,71429,71143,0.4003975976144143,False,65087,8.878746727519635,False,33616,342,14016,0.0644230830075685,0.08,0.75,0.4776888888888889,0.06215757575757576,68,00000101010001001000110011111011100000011000010000
E50-D,20261029,71429,70547,1.2347925912444526,False,65165,8.769547382715704,False,26462,269,6862,0.05081158300163224,0.08,0.71,0.47997575757575756,0.04301010101010101,53,00010101010001001000110110111011100000010000010000
E50-D,20261030,71429,71125,0.4255974464153215,False,64366,9.888140671155973,False,42828,436,23228,0.08304112500627525,0.11,0.74,0.4770060606060606,0.048476767676767674,52,00010100011001001000110010111011100001011000100000
E50-D,20261031,71429,71070,0.5025969844180935,False,63709,10.807935152389085,False,41260,420,21660,0.08277537499088794,0.04,0.66,0.4757010101010101,0.07783030303030303,75,00010101010001001000110011111011100000011000000001
E50-D,20261032,71429,71126,0.4241974548152711,False,64176,10.15413907516555,False,30284,308,10684,0.055873375007649884,0.09,0.75,0.4804323232323232,0.0856,79,00010101011000001000110011011011100000011000010000
E50-D,20261033,71429,71162,0.3737977572134567,False,63669,10.863934816391101,False,29794,303,10194,0.05618829099694267,0.02,0.69,0.48122424242424244,0.06776565656565657,69,00010101011000001000110011111011100000010000010001
E50-D,20261034,71429,70751,0.949194304834171,False,63763,10.732335605986364,False,31068,316,11468,0.06093949999194592,0.01,0.78,0.4802868686868687,0.1036040404040404,85,00000100010000001000110011011011100001011000111001
E50-D,20261035,71429,69885,2.161587030477817,False,64133,10.214338713967717,False,24894,253,5294,0.048653958016075194,0.08,0.75,0.48416969696969697,0.05065454545454545,62,00010101010001011000110110101011101000010000100000
E50-D,20261036,71429,70745,0.9575942544344734,False,63156,11.582130507216958,False,27736,282,8136,0.053182999981800094,0.07,0.7,0.47894141414141417,0.08734545454545455,77,00010110010001001000110011111011100000011000100000
E50-D,20261037,71429,71070,0.5025969844180935,False,62738,12.167326996038025,False,42338,431,22738,0.08534745901124552,0.04,0.67,0.47972929292929295,0.0893010101010101,82,00010101010001001000110011111011100000011000000001
E50-D,20261038,71429,71070,0.5025969844180935,False,64782,9.305744165535007,False,46552,474,26952,0.09863495800527744,0.07,0.68,0.48045252525252524,0.07547070707070708,76,00010101010001001000110011111011100000011000000001
E50-D,20261039,71429,71202,0.31779809321144076,False,63291,11.393131641210152,False,38516,392,18916,0.0761843329819385,0.01,0.65,0.4865979797979798,0.04938585858585859,55,00010100011000011000110011011011100001011000100000
E50-D,20261040,71429,70850,0.8105951364291815,False,65182,8.745747525514847,False,53902,549,34302,0.10636033298214898,0.07,0.69,0.4818949494949495,0.05431111111111111,57,00010101010000001000110111111011100000011000000001
